"label","subs","gc"
"A","R262K/K603R",0.444
"B","R262K",0.442
"C","N272S/I354T",0.439
"D","K104R/F105L/E382D/F480S/I596T",0.449
"E","T208S/V379I/K609R",0.443
"F","S277P/L549I",0.444
"G","E2V/A36S/G99R/E101Q/K113Q/E141D/K142N/H297Y/M485I",0.443
"H","I38V/E258D/T570I",0.443
"I","",0.443
"J","G99R",0.447
"K","V387I/I407V/V432I",0.441
"L","",0.441
"M","A20T",0.441
"N","H535Y",0.443
"O","N96H/N115S/N321I/S364G",0.44
"n","V100A",0.444
"o","D394N",0.446
"p","K356R",0.445
"q","",0.445
"r","",0.445
"s","",0.442
"t","L336M",0.442
"u","I423V/G684E",0.445
"v","A37S/A337T/S388N",0.446
"w","",0.448
"x","I61T/V63I/K262R/D272N/S405C/S409N/I554V/M607L",0.446
"y","D101E/V323I/R391K/S400P/K716R",0.449
